ticker,last,prev_close,chg,asof_utc
ACI,12.35,11.74,0.05153326300729755,2026-10-09T01:18:57Z
SHAK,67.32,64.17,0.0490883842256884,2026-10-09T01:18:57Z
SKWD,59.33,57.47,0.0322777014587583,2026-10-09T01:18:57Z
ESNT,63.59,61.9,0.02730207730289691,2026-10-09T01:18:57Z
PLNT,44.05,43.09,0.022278929706965878,2026-10-09T01:18:57Z
CCK,108.84,107.1,0.016246478884777593,2026-10-09T01:18:57Z
WAL,75.5,74.35,0.015467404834973664,2026-10-09T01:18:57Z
WING,118.46,116.68,0.015255388881053378,2026-10-09T01:18:57Z
RLI,56.31,55.54,0.0138638899004484,2026-10-09T01:18:57Z
FHN,23.3,22.99,0.013484100436217838,2026-10-09T01:18:57Z
CBSH,54.61,53.91,0.012984618158426109,2026-10-09T01:18:57Z
ZION,62.71,61.92,0.012758413095747656,2026-10-09T01:18:57Z
WTFC,144.29,142.49,0.01263237927978822,2026-10-09T01:18:57Z
CLF,12.2,12.06,0.012023175708476774,2026-10-09T01:18:57Z
FNB,17.27,17.07,0.01200936891452975,2026-10-09T01:18:57Z
ALRM,55.31,54.68,0.011521599572039465,2026-10-09T01:18:57Z
HOMB,28.48,28.18,0.010468419911257465,2026-10-09T01:18:57Z
PIPR,64.36,63.79,0.008935564926218387,2026-10-09T01:18:57Z
KVYO,17.57,17.41,0.008902968868695682,2026-10-09T01:18:57Z
SO,86.14,85.44,0.008192847942885217,2026-10-09T01:18:57Z
AA,42.82,42.48,0.008003770156584933,2026-10-09T01:18:57Z
OLLI,86.71,86.13,0.0067340282079444425,2026-10-09T01:18:57Z
PRIM,82.68,82.16,0.006329072783454848,2026-10-09T01:18:57Z
JEF,44.4,44.14,0.005890397368049083,2026-10-09T01:18:57Z
BWXT,142.27,141.54,0.005157630499899479,2026-10-09T01:18:57Z
PNW,97.98,97.54,0.004510994845974059,2026-10-09T01:18:57Z
D,61.75,61.53,0.00357551154018787,2026-10-09T01:18:57Z
MDY,666.29,663.94,0.003539439674211886,2026-10-09T01:18:57Z
APPF,197.41,196.97,0.0022338550981335636,2026-10-09T01:18:57Z
GEV,999.14,997.09,0.0020559706122362797,2026-10-09T01:18:57Z
AEP,122.33,122.08,0.002047837452902268,2026-10-09T01:18:57Z
APLD,23.85,23.81,0.0016841704559300563,2026-10-09T01:18:57Z
PEG,71.86,71.74,0.0016727453325258157,2026-10-09T01:18:57Z
TRN,25.4,25.37,0.001182450859460893,2026-10-09T01:18:57Z
PRCT,17.92,17.91,0.00027923328631174194,2026-10-09T01:18:57Z
PCOR,54.79,54.8,-0.00018245112540882236,2026-10-09T01:18:57Z
IWM,277.57,277.7,-0.0004681486391709955,2026-10-09T01:18:57Z
HUBB,475.18,475.41,-0.00048381604206126916,2026-10-09T01:18:57Z
META,720.84,721.31,-0.0006515516278933209,2026-10-09T01:18:57Z
BRZE,28.44,28.46,-0.0007026897771739149,2026-10-09T01:18:57Z
AYI,300.2,300.42,-0.0007323121325805149,2026-10-09T01:18:57Z
LNTH,100.1,100.18,-0.000798580862557241,2026-10-09T01:18:57Z
XLU,41.06,41.15,-0.00206568398585516,2026-10-09T01:18:57Z
FLR,51.02,51.14,-0.002346478946361752,2026-10-09T01:18:57Z
CMC,63.1,63.25,-0.0023715656265439478,2026-10-09T01:18:57Z
CW,507.73,509.1,-0.002691013751252913,2026-10-09T01:18:57Z
ETR,102.48,102.8,-0.003112837405881308,2026-10-09T01:18:57Z
ACAD,19.57,19.65,-0.004071243015730808,2026-10-09T01:18:57Z
SPY,773.89,777.22,-0.004284444790674913,2026-10-09T01:18:57Z
GBX,38.61,38.78,-0.0043836558611772825,2026-10-09T01:18:57Z
GOOGL,348.3,350.5,-0.0062767823310448945,2026-10-09T01:18:57Z
MYRG,311.01,313.08,-0.0066116548339726355,2026-10-09T01:18:57Z
BOOT,121.5,122.34,-0.006866081110307065,2026-10-09T01:18:57Z
ALG,155.39,156.91,-0.009687108769267039,2026-10-09T01:18:57Z
OMCL,34.84,35.21,-0.010508348239291254,2026-10-09T01:18:57Z
ESE,254.06,256.9,-0.011054871176972347,2026-10-09T01:18:57Z
VRT,243.72,246.49,-0.01123779549162185,2026-10-09T01:18:57Z
MSFT,522.69,529.76,-0.013345679541471367,2026-10-09T01:18:57Z
AAON,85.95,87.13,-0.01354298568085277,2026-10-09T01:18:57Z
AGX,398.89,404.39,-0.013600731473999206,2026-10-09T01:18:57Z
MIR,16.23,16.45,-0.013677834105432662,2026-10-09T01:18:57Z
SNX,267.61,271.52,-0.014400426562747426,2026-10-09T01:18:57Z
FSS,112.68,114.41,-0.015121084709016075,2026-10-09T01:18:57Z
AZZ,136.39,138.51,-0.015305719451767619,2026-10-09T01:18:57Z
VIRT,57.78,58.81,-0.017514071925560648,2026-10-09T01:18:57Z
GFF,92.26,94.0,-0.018510615572016276,2026-10-09T01:18:57Z
NRG,106.32,108.61,-0.02108462298737046,2026-10-09T01:18:57Z
FN,487.36,497.99,-0.021345820380465064,2026-10-09T01:18:57Z
CCJ,87.13,89.07,-0.02178064946730862,2026-10-09T01:18:57Z
NVT,164.12,167.82,-0.02204750354874574,2026-10-09T01:18:57Z
AMZN,254.12,259.92,-0.02231462761969827,2026-10-09T01:18:57Z
PWR,685.34,701.07,-0.022437103719194607,2026-10-09T01:18:57Z
DLR,176.11,180.47,-0.02415914324187074,2026-10-09T01:18:57Z
ACHC,28.48,29.23,-0.02565857036419983,2026-10-09T01:18:57Z
IESC,300.45,308.83,-0.027134587733026017,2026-10-09T01:18:57Z
NVDA,230.57,237.47,-0.02905627599703242,2026-10-09T01:18:57Z
TSM,458.05,472.2,-0.029966166980653464,2026-10-09T01:18:57Z
MTZ,216.47,223.37,-0.030890424172075548,2026-10-09T01:18:57Z
UUUU,9.92,10.26,-0.033138415692310796,2026-10-09T01:18:57Z
LEU,142.04,147.14,-0.034694819550870615,2026-10-09T01:18:57Z
UEC,9.14,9.47,-0.034846875860711224,2026-10-09T01:18:57Z
NXE,8.67,8.99,-0.03559507263306838,2026-10-09T01:18:57Z
CORZ,15.36,15.94,-0.03607276188217501,2026-10-09T01:18:57Z
CRDO,211.88,220.01,-0.03695281954007246,2026-10-09T01:18:57Z
ONTO,292.71,304.4,-0.038403425347576126,2026-10-09T01:18:57Z
MPWR,1370.67,1425.98,-0.03878731628844878,2026-10-09T01:18:57Z
AMD,620.73,645.86,-0.03890936960451796,2026-10-09T01:18:57Z
CLS,356.53,371.57,-0.04047691753494653,2026-10-09T01:18:57Z
MOD,181.77,189.44,-0.04048774319097492,2026-10-09T01:18:57Z
POWL,189.18,197.74,-0.04328923121061978,2026-10-09T01:18:57Z
AVGO,360.15,376.51,-0.043451742171010665,2026-10-09T01:18:57Z
CIEN,425.73,446.45,-0.04641057375779545,2026-10-09T01:18:57Z
NNE,15.26,16.01,-0.04684572075439508,2026-10-09T01:18:57Z
SMR,7.31,7.67,-0.04693613167320232,2026-10-09T01:18:57Z
SMCI,42.78,44.94,-0.04809073716947243,2026-10-09T01:18:57Z
CEG,284.92,299.59,-0.04896686501377967,2026-10-09T01:18:57Z
TLN,359.18,378.32,-0.050592129091482585,2026-10-09T01:18:57Z
WULF,13.65,14.4,-0.05208333471307047,2026-10-09T01:18:57Z
ORCL,135.55,143.56,-0.055760692525404054,2026-10-09T01:18:57Z
LITE,1048.6,1111.07,-0.05622505667782007,2026-10-09T01:18:57Z
OKLO,34.57,36.82,-0.06110809393396821,2026-10-09T01:18:57Z
VST,156.17,166.72,-0.06327976832120918,2026-10-09T01:18:57Z
NBIS,219.73,237.15,-0.07345561297610281,2026-10-09T01:18:57Z
IREN,35.72,38.69,-0.07664505004806088,2026-10-09T01:18:57Z
CRWV,81.57,88.45,-0.07778403042166182,2026-10-09T01:18:57Z
DNN,2.35,2.56,-0.08203126673470285,2026-10-09T01:18:57Z
URG,1.0,1.1,-0.09090911061310525,2026-10-09T01:18:57Z
ALAB,346.9,382.25,-0.09247876024464519,2026-10-09T01:18:57Z
COHR,302.33,334.56,-0.09633551895481307,2026-10-09T01:18:57Z
AAOI,105.97,122.54,-0.13522114877611846,2026-10-09T01:18:57Z
